Registrant Name,
Registrant Organization,Google LLC
Registrant Street,
Registrant City,
Registrant State/Province,CA
Registrant Postal Code,
Registrant Country,US
Registrant Phone,
Registrant Phone Ext:,
Registrant Fax,
Registrant Fax Ext:,
Registrant Email,Select Request Email Form at https://domains.markmonitor.com/whois/google.com
Admin Name,
Admin Organization,Google LLC
Admin Street,
Admin City,
Admin State/Province,CA
Admin Postal Code,
Admin Country,US
Admin Phone,
Admin Phone Ext:,
Admin Fax,
Admin Fax Ext:,
Admin Email,Select Request Email Form at https://domains.markmonitor.com/whois/google.com
Tech Name,
Tech Organization,Google LLC
Tech Street,
Tech City,
Tech State/Province,CA
Tech Postal Code,
Tech Country,US
Tech Phone,
Tech Phone Ext:,
Tech Fax,
Tech Fax Ext:,
Tech Email,Select Request Email Form at https://domains.markmonitor.com/whois/google.com
